{
  "task": "easy",
  "total_episodes": 200,
  "best_reward": -97761.50000000001,
  "first_avg_10": -113318.02999999998,
  "last_avg_10": -103132.44000000002,
  "improvement": 10185.589999999967,
  "federation_runs": 20,
  "training_time_s": 8.21953558921814,
  "episode_rewards": [
    -113678.90000000001,
    -112912.50000000001,
    -115003.99999999997,
    -113714.50000000001,
    -111690.59999999995,
    -113288.9,
    -115478.40000000002,
    -110878.99999999993,
    -112491.7,
    -114041.80000000002,
    -114678.4,
    -109775.3,
    -115803.30000000002,
    -113262.09999999999,
    -114122.20000000003,
    -114499.90000000004,
    -113191.09999999996,
    -112937.20000000003,
    -116778.09999999999,
    -112648.79999999999,
    -111653.80000000002,
    -109228.19999999994,
    -111944.39999999994,
    -114135.6,
    -113290.80000000005,
    -114319.5,
    -113296.99999999996,
    -113939.70000000003,
    -113011.8,
    -112561.90000000002,
    -110543.90000000004,
    -116008.60000000002,
    -114579.89999999997,
    -112652.1,
    -114175.19999999997,
    -108094.40000000001,
    -111931.90000000002,
    -112314.1,
    -113277.19999999997,
    -113877.29999999992,
    -113253.69999999998,
    -107719.09999999999,
    -111733.59999999998,
    -111141.49999999999,
    -108182.70000000006,
    -110781.69999999997,
    -106867.69999999998,
    -110429.1,
    -110442.59999999998,
    -112715.90000000008,
    -106614.50000000003,
    -107290.50000000001,
    -108658.40000000004,
    -109259.69999999998,
    -111247.0,
    -109558.20000000003,
    -105912.29999999997,
    -108154.19999999997,
    -111580.89999999997,
    -107100.30000000002,
    -109135.6000000001,
    -108661.70000000001,
    -110707.49999999993,
    -106882.39999999997,
    -107169.1,
    -106565.60000000002,
    -112360.90000000002,
    -107553.69999999997,
    -111744.40000000001,
    -110267.29999999994,
    -103464.50000000007,
    -109911.40000000002,
    -110048.8,
    -110572.99999999994,
    -108651.90000000001,
    -112203.09999999998,
    -109533.30000000002,
    -110638.89999999998,
    -108015.10000000003,
    -108355.49999999997,
    -110905.69999999997,
    -105263.70000000003,
    -108111.10000000005,
    -104987.90000000005,
    -106374.30000000005,
    -107953.5,
    -108543.10000000003,
    -109835.29999999993,
    -109290.90000000002,
    -109203.40000000001,
    -108258.79999999999,
    -104859.20000000003,
    -109498.39999999997,
    -106632.09999999998,
    -107899.29999999999,
    -104728.50000000004,
    -108958.59999999992,
    -108510.29999999996,
    -107122.29999999999,
    -108232.0,
    -111536.39999999995,
    -112669.90000000002,
    -108905.39999999995,
    -102108.6,
    -109125.80000000002,
    -104073.30000000003,
    -108053.50000000003,
    -102712.99999999999,
    -113694.50000000001,
    -110098.90000000007,
    -111267.89999999997,
    -111165.19999999995,
    -104700.10000000003,
    -105984.00000000003,
    -113560.5,
    -109329.19999999998,
    -106226.99999999999,
    -105780.39999999998,
    -104791.00000000007,
    -110282.1,
    -104938.29999999997,
    -104914.59999999996,
    -110673.10000000003,
    -107965.09999999999,
    -104553.09999999998,
    -103521.09999999999,
    -109072.40000000002,
    -104108.7,
    -107808.00000000007,
    -109056.30000000002,
    -110768.4,
    -105937.6,
    -102489.8,
    -104921.8,
    -111151.69999999992,
    -110502.70000000001,
    -105673.59999999996,
    -107745.80000000002,
    -102140.10000000003,
    -109178.99999999996,
    -105033.79999999996,
    -109090.19999999998,
    -105447.60000000005,
    -108197.79999999996,
    -106108.29999999999,
    -107227.89999999997,
    -109442.30000000006,
    -107584.30000000002,
    -106104.09999999996,
    -105909.99999999999,
    -104349.50000000003,
    -103727.39999999997,
    -101798.20000000004,
    -108027.70000000003,
    -101629.30000000003,
    -105361.5,
    -104241.70000000001,
    -104630.6,
    -104277.50000000003,
    -104293.0,
    -100798.20000000001,
    -103360.89999999994,
    -101961.6,
    -104264.40000000007,
    -108290.09999999998,
    -108160.90000000001,
    -102965.1,
    -108752.49999999993,
    -103648.69999999997,
    -102583.89999999997,
    -109256.0,
    -102634.79999999992,
    -103991.29999999997,
    -103156.20000000004,
    -103850.0,
    -105862.89999999998,
    -105359.7,
    -105722.5,
    -106997.0,
    -103583.29999999994,
    -104328.8,
    -101701.80000000002,
    -107512.69999999997,
    -97761.50000000001,
    -100912.00000000001,
    -105218.20000000004,
    -105969.09999999996,
    -108059.89999999998,
    -102977.30000000006,
    -109556.29999999997,
    -102948.40000000005,
    -104914.20000000004,
    -99357.20000000003,
    -99900.69999999997,
    -100933.00000000001,
    -102525.1,
    -104882.99999999996,
    -106395.20000000004,
    -101646.30000000002,
    -107821.29999999994
  ]
}